ds,AAPL_real,AAPL_forecast,MSFT_real,MSFT_forecast,AMZN_real,AMZN_forecast
2022-01-03,179.48110961914062,171.36329429729543,327.53009033203125,305.79870122385046,170.4044952392578,159.9090567578786
2022-01-04,177.20323181152344,170.89194585262308,321.9139404296875,304.7975316280603,167.52200317382812,159.30128914343544
2022-01-05,172.48963928222656,170.55197903061716,309.55633544921875,304.5397964920456,164.35699462890625,159.1764791740939
2022-01-06,169.61019897460938,170.03520928659526,307.1102294921875,303.75336232179774,163.25399780273438,158.91767698805327
2022-01-07,169.77781677246094,170.15353938273137,307.2667236328125,303.4674077031279,162.5540008544922,158.84118727660572
2022-01-10,169.7975616455078,169.77878652401964,307.4918212890625,301.8121882703488,161.48599243164062,158.2207178584925
2022-01-11,172.6474151611328,169.50115471917735,308.1865234375,300.9259086710134,165.36199951171875,157.32638690496066
2022-01-12,173.09115600585938,169.3546860883423,311.405517578125,300.81657820121916,165.20700073242188,156.93630224401136
2022-01-13,169.7975616455078,169.03089740675253,298.2261047363281,300.2157421773187,161.21400451660156,156.4434672612173
2022-01-14,170.66534423828125,169.3414609075963,303.5096435546875,300.1550950264295,162.13800048828125,156.17325556671236
2022-01-18,167.44076538085938,169.4458441242222,296.1224365234375,298.91528331709486,158.91749572753906,154.42300988842658
2022-01-19,163.92037963867188,169.48368476448454,296.7877502441406,299.21981131297474,156.2989959716797,154.12900184132468
2022-01-20,162.22425842285156,169.34099842602322,295.0951232910156,299.05855505383533,151.66749572753906,153.79592585551055
2022-01-21,160.15345764160156,169.82846376564902,289.64520263671875,299.45607626796817,142.64300537109375,153.74669777010186
2022-01-24,159.37442016601562,170.51538951457061,289.97784423828125,300.1193552927825,144.54400634765625,153.8375814199189
2022-01-25,157.55996704101562,170.56942077925487,282.2678527832031,300.05709738107413,139.98599243164062,153.38124504100563
2022-01-26,157.47125244140625,170.7390548727892,290.310546875,300.7736035185676,138.87249755859375,153.51737883728882
2022-01-27,157.00775146484375,170.71253489463643,293.3730163574219,300.98396456097913,139.6374969482422,153.62736150776288
2022-01-28,167.96340942382812,171.29786522082836,301.6114196777344,301.7024796423762,143.97799682617188,154.0224575858478
2022-01-31,172.35159301757812,172.14067298907787,304.2727966308594,302.93297433996906,149.57350158691406,155.33537646674716
2022-02-01,172.18394470214844,172.1915936796271,302.1006774902344,302.9025474788604,151.19349670410156,155.21149252297135
2022-02-02,173.3968505859375,172.32636077969428,306.6993408203125,303.56309959836295,150.6125030517578,155.6255731136006
2022-02-03,170.49771118164062,172.23109227034163,294.75262451171875,303.62672992187237,138.8455047607422,155.95050707245846
2022-02-04,170.21139526367188,172.71206763831538,299.3414306640625,304.10662436068844,157.63949584960938,156.4905836630183
2022-02-07,169.49058532714844,173.0187419920835,294.4591064453125,304.08858357166366,157.9355010986328,157.7754624225963
2022-02-08,172.6205291748047,172.81659042401108,297.99127197265625,303.48067926469326,161.4134979248047,157.48323165502254
2022-02-09,174.05218505859375,172.66288433825017,304.4978332519531,303.496079841038,161.1894989013672,157.65216763026797
2022-02-10,169.9447784423828,172.24596556764575,295.8582458496094,302.85734046883977,159.0034942626953,157.65976322831224
2022-02-11,166.50875854492188,172.37513365701204,288.6766052246094,302.58964130731226,153.2935028076172,157.81677426919927
2022-02-14,166.7457275390625,171.487279525676,288.6374206542969,300.1954758151166,155.16700744628906,157.6470936365437
2022-02-15,170.60629272460938,170.8581085429625,293.9894714355469,298.8011342207137,156.510498046875,156.80440972329725
2022-02-16,170.36935424804688,170.27326849450859,293.64630126953125,298.0588595665432,158.10049438476562,156.4104938734755
2022-02-17,166.7457275390625,169.42800915206556,285.0477294921875,296.70664796967765,154.65249633789062,155.85582466630473
2022-02-18,165.18568420410156,169.13885209078114,282.3024597167969,295.7845587614099,152.60150146484375,155.46418810256648
2022-02-22,162.2433624267578,166.1959859840326,282.0965270996094,290.22928351120174,150.19749450683594,152.63758083756818
2022-02-23,158.04705810546875,165.3518904912096,274.7921142578125,289.30957488568475,144.82699584960938,151.93795639628888
2022-02-24,160.68333435058594,164.29889462041757,288.8322448730469,287.8995362743773,151.35800170898438,151.15306746416147
2022-02-25,162.7666473388672,163.85864920986293,291.4991149902344,287.04231172784205,153.7884979248047,150.6119226100685
2022-02-28,163.03323364257812,161.77338682148863,292.9501953125,284.09862501279827,153.56300354003906,149.061158205978
2022-03-01,161.13751220703125,160.94623675862255,289.18524169921875,282.9510975326898,151.14199829101562,148.03097041539348
2022-03-02,164.45504760742188,160.27555907923528,294.32281494140625,282.6721960243615,152.05250549316406,147.59563377246312
2022-03-03,164.1292266845703,159.46078399969178,290.13629150390625,281.99454541273514,147.89849853515625,147.14641660681755
2022-03-04,161.10789489746094,159.32055136032818,284.1947021484375,281.94868861777405,145.64100646972656,147.00453301119506
2022-03-07,157.28680419921875,158.45749564944668,273.4587097167969,281.7648026317148,137.4530029296875,146.93624291577234
2022-03-08,155.4503173828125,158.12335239462902,270.45849609375,281.59110166435073,136.01449584960938,146.45832167726877
2022-03-09,160.89065551757812,157.9752074138141,282.8612976074219,282.28415145973736,139.2790069580078,146.5846381956266
2022-03-10,156.51666259765625,157.7034098236873,280.00811767578125,282.55911807556816,146.8175048828125,146.69450573150132
2022-03-11,152.77455139160156,158.11702305987788,274.5960388183594,283.429461865103,145.52450561523438,147.0974823399422
2022-03-14,148.7164764404297,158.88174261728707,271.0369873046875,285.6174435769755,141.85299682617188,148.47188704886543
2022-03-15,153.12997436523438,159.04634897880175,281.5376892089844,286.06235542451793,147.3665008544922,148.38034454665373
2022-03-16,157.5731201171875,159.3596791380452,288.6361999511719,287.2688736502049,153.10400390625,148.83363770650894
2022-03-17,158.59011840820312,159.50386143707664,289.45001220703125,287.943576178853,157.23899841308594,149.20596687501407
2022-03-18,161.9076385498047,160.28066098169538,294.55816650390625,289.0934870922873,161.25050354003906,149.8033425013152
2022-03-21,163.2899627685547,161.76227144132682,293.3129577636719,291.36877588526943,161.4915008544922,151.3408283451545
2022-03-22,166.68650817871094,162.02951552323003,298.1171875,291.5936453250011,164.88900756835938,151.16730294481667
2022-03-23,168.05892944335938,162.37481674041047,293.6365051269531,292.4617720641787,163.4080047607422,151.47576276853255
2022-03-24,171.87013244628906,162.48100838866046,298.1563720703125,292.68658448756986,163.64950561523438,151.64539257489972
2022-03-25,172.51190185546875,163.15202109269916,297.74462890625,293.2838110938135,164.77349853515625,151.9881358942019
2022-03-28,173.38079833984375,163.95171631645718,304.6274108886719,293.39459691321076,168.99049377441406,152.51937039060647
2022-03-29,176.69834899902344,163.89032608347037,309.245361328125,292.77192850208417,169.31500244140625,151.9545152823632
2022-03-30,175.5233612060547,163.86897847849278,307.72564697265625,292.75293703986455,166.30099487304688,151.85626684584147
2022-03-31,172.4033203125,163.57926284321866,302.28411865234375,292.0657433025017,162.99749755859375,151.61101348445746
2022-04-01,172.1071014404297,163.8343642270651,303.3724060058594,291.7407865746123,163.55999755859375,151.5374186064987
2022-04-04,176.18492126464844,163.36176967746482,308.81390380859375,289.1656311881443,168.34649658203125,150.86785697356356
2022-04-05,172.84762573242188,162.5491965096171,304.80389404296875,287.7181906680646,164.05499267578125,149.9336520503794
2022-04-06,169.658447265625,161.80280637108072,293.64630126953125,286.92899879242464,158.75599670410156,149.48665094251942
2022-04-07,169.96450805664062,160.82191869478794,295.47979736328125,285.5358603635284,157.7845001220703,148.91492197015452
2022-04-08,167.94039916992188,160.42651733523152,291.1657409667969,284.57744452254184,154.4604949951172,148.53791008332593
2022-04-11,163.65528869628906,158.29764833322392,279.68463134765625,280.59568203562304,151.1219940185547,147.0923695228886
2022-04-12,165.5411376953125,157.39237942818352,276.5471496582031,278.8555534662543,150.78750610351562,145.9396863472805
2022-04-13,168.2465057373047,156.61001696726103,281.99847412109375,277.8635967750115,155.54100036621094,145.29086019797248
2022-04-14,163.20108032226562,155.64914584947604,274.3607482910156,276.3564578821672,151.7064971923828,144.53151447258188
2022-04-18,162.98388671875,153.70719093481213,275.0372314453125,271.77939816806787,152.78500366210938,142.05326675237708
2022-04-19,165.284423828125,153.0494101706226,279.72381591796875,270.30834596822024,158.11549377441406,140.75083983288033
2022-04-20,165.11656188964844,152.54294383892645,280.76312255859375,269.6433504371307,153.9980010986328,139.9556993753279
2022-04-21,164.3168487548828,151.87923150987234,275.3215637207031,268.5133976470257,148.29600524902344,139.05335780698292
2022-04-22,159.74530029296875,151.86884699892286,268.6741027832031,267.94669849031243,144.35000610351562,138.36130952864045
2022-04-25,160.82154846191406,151.19099198330812,275.2333984375,265.7881945581036,146.07400512695312,136.05657983638443
2022-04-26,154.81838989257812,150.8275479444827,264.9385986328125,264.8267325456228,139.39100646972656,134.6482046297974
2022-04-27,154.59129333496094,150.5952442097878,277.6845397949219,264.67530083514305,138.16700744628906,133.76244796065185
2022-04-28,161.5719451904297,150.18048882724025,283.96923828125,264.0563344136304,144.59649658203125,132.78833223531117
2022-04-29,155.6576385498047,150.38972755515596,272.09588623046875,263.9920672252686,124.28150177001953,132.04698680908683
2022-05-02,155.96372985839844,150.16857727617094,278.91009521484375,263.2392714220569,124.5,129.7643157249619
2022-05-03,157.46453857421875,149.88654658859957,276.27264404296875,262.699061418019,124.25350189208984,128.43015341521618
2022-05-04,163.92189025878906,149.7011575654953,284.3123779296875,262.9401334833134,125.92849731445312,127.65589110419883
2022-05-05,154.78880310058594,149.30085239450239,271.92926025390625,262.6828052036854,116.40699768066406,126.86727638772157
2022-05-06,155.5204620361328,149.49499164834046,269.3604431152344,262.94776526840894,114.77249908447266,126.35044840330825
2022-05-09,150.35888671875,149.09114818521297,259.4088439941406,262.9802721621849,108.78900146484375,124.96601337576155
2022-05-10,152.78147888183594,148.718330329571,264.2325744628906,262.6338624193134,108.85900115966797,123.99817624990784
2022-05-11,144.86109924316406,148.4359249714508,255.45755004882812,263.03536777757364,105.37200164794922,123.61732436315246
2022-05-12,140.96517944335938,147.93771893069177,250.35922241210938,262.90588678097373,106.93049621582031,123.20862487989925
2022-05-13,145.46424865722656,148.0382675307586,256.01641845703125,263.2670967101866,113.05500030517578,123.08776999360376
2022-05-16,143.9118194580078,147.4260835072276,256.3890075683594,263.4109881929299,110.81050109863281,122.92037832597241
2022-05-17,147.57044982910156,147.02078426091018,261.60504150390625,263.0472437459381,115.36849975585938,122.34388951473662
2022-05-18,139.24465942382812,146.7290739105474,249.69424438476562,263.4067435627009,107.11250305175781,122.33502514908436
2022-05-19,135.81346130371094,146.24636846251724,248.77049255371094,263.2122439071147,107.31900024414062,122.27193850532488
2022-05-20,136.05076599121094,146.38800333639406,248.20046997070312,263.48716033746115,107.59100341796875,122.46378175407686
2022-05-23,141.50901794433594,146.0477118645955,256.15087890625,263.26325602053754,107.55699920654297,122.98247442951607
2022-05-24,138.78977966308594,145.77699305897096,255.1386260986328,262.7473687489312,104.0999984741211,122.5372217032173
2022-05-25,138.94798278808594,145.63729716357187,257.9885559082031,262.94362499343964,106.7750015258789,122.60693030444914
2022-05-26,142.17152404785156,145.32047257426703,261.3102111816406,262.5771722774255,111.07749938964844,122.5692486626242
2022-05-27,147.9659423828125,145.63789165669272,268.52349853515625,262.6739449243118,115.14649963378906,122.73411863345443
2022-05-31,147.1749267578125,145.74366796780595,267.17718505859375,261.2139703107863,120.20950317382812,122.23562821582489
2022-06-01,147.04637145996094,145.76569478555925,267.7176818847656,261.2425467400648,121.68399810791016,122.07118894410048
2022-06-02,149.51841735839844,145.59620010538853,269.8403625488281,260.7191653009388,125.51100158691406,121.7760884054073
2022-06-03,143.7536163330078,146.0509066250816,265.3591003417969,261.14014611808676,122.3499984741211,121.96171078864496
2022-06-06,144.505126953125,146.54394304757824,264.111083984375,261.4517549165676,124.79000091552734,122.1626768618019
2022-06-07,147.04637145996094,146.4988038737523,267.7962646484375,261.16374202628305,123.0,121.55351158313873
2022-06-08,146.3047637939453,146.55254008647069,265.7423400878906,261.62033847208346,121.18000030517578,121.45277322986405
2022-06-09,141.04429626464844,146.39506587188146,260.2193908691406,261.5507403383275,116.1500015258789,121.25180495253973
2022-06-10,135.59588623046875,146.83705024940934,248.62306213378906,261.984371978223,109.6500015258789,121.27386308399215
2022-06-13,130.40463256835938,147.2173561872489,238.07826232910156,262.49082135487265,103.66999816894531,121.23859082517708
2022-06-14,131.27479553222656,147.12211459116142,240.269775390625,262.3165403358173,102.30999755859375,120.64191995458714
2022-06-15,133.9149169921875,147.12629202636327,247.41429138183594,262.9079763390243,107.66999816894531,120.59910353350838
2022-06-16,128.60498046875,146.92398024911714,240.7415008544922,262.99144610420257,103.66000366210938,120.4993173387341
2022-06-17,130.08824157714844,147.32988572273743,243.37522888183594,263.592922565157,106.22000122070312,120.66234927079564
2022-06-21,134.34999084472656,147.62628383933603,249.360107421875,264.65806379955546,108.68000030517578,120.88375647904016
2022-06-22,133.83584594726562,147.6843266418619,248.76065063476562,265.42332313902244,108.94999694824219,121.09202354183572
2022-06-23,136.72314453125,147.55862715610007,254.39169311523438,265.6661189445346,112.44000244140625,121.24268816728093
2022-06-24,140.0752410888672,148.0636111798086,263.0791320800781,266.4069532353216,116.45999908447266,121.64735999299812
2022-06-27,140.0752410888672,148.8396742035825,260.3176574707031,267.7096576869843,113.22000122070312,122.81651574738719
2022-06-28,135.90245056152344,148.9449676802854,252.05282592773438,267.72725476670803,107.4000015258789,122.59545517117864
2022-06-29,137.67239379882812,149.18028017219336,255.76756286621094,268.4584409581146,108.91999816894531,122.89351003552828
2022-06-30,135.1904754638672,149.2353644348017,252.3967742919922,268.6210594990051,106.20999908447266,123.08791912874794
2022-07-01,137.37576293945312,149.9192739160687,255.09933471679688,269.23338577195517,109.55999755859375,123.4878049691073
2022-07-05,139.97633361816406,151.38278843902864,258.3128967285156,269.5423438759478,113.5,123.93102434110344
2022-07-06,141.3211212158203,151.9910020090149,261.6148681640625,270.20388206518885,114.33000183105469,124.04412806287864
2022-07-07,144.71278381347656,152.38406123465356,263.76708984375,270.25415162215023,116.33000183105469,124.01941761610628
2022-07-08,145.39501953125,153.36689478830556,263.03985595703125,270.7156046159767,115.54000091552734,124.17275181964807
2022-07-11,143.2493133544922,155.24500208163658,259.9442138671875,270.7033884363423,111.75,124.20746166744613
2022-07-12,144.228271484375,155.58327445791255,249.2913055419922,270.1464874989689,109.22000122070312,123.51608267381859
2022-07-13,143.8623809814453,155.9756784332358,248.3577423095703,270.2500955432423,110.4000015258789,123.31885378814901
2022-07-14,146.80905151367188,156.10909424208725,249.69424438476562,269.7429677377279,110.62999725341797,123.00726189968556
2022-07-15,148.49005126953125,156.79147245239776,252.28868103027344,269.65531481273007,113.55000305175781,122.90519932251446
2022-07-18,145.42469787597656,157.568965274704,249.861328125,268.12206869176254,113.76000213623047,122.43053669986318
2022-07-19,149.3107452392578,157.49362172982356,255.05015563964844,267.12440197132173,118.20999908447266,121.67218356772986
2022-07-20,151.32791137695312,157.46065326082956,257.7428894042969,266.831272821229,122.7699966430664,121.46477979831481
2022-07-21,153.61207580566406,157.16464743842758,260.2685241699219,265.9770127216149,124.62999725341797,121.20091590100367
2022-07-22,152.36618041992188,157.42150440585868,255.86581420898438,265.59660820661355,122.41999816894531,121.20410460150474
2022-07-25,151.2389373779297,157.0249141027991,254.36224365234375,263.54535647150254,121.13999938964844,121.3647641912021
2022-07-26,149.9040069580078,156.617231147277,247.5518798828125,262.5014036632007,114.80999755859375,120.90944953626143
2022-07-27,155.0359649658203,156.29246263692866,264.1011657714844,262.2256977370526,120.97000122070312,121.04015087484896
2022-07-28,155.58970642089844,155.75061355403986,271.6387939453125,261.4512867205363,122.27999877929688,121.14170439820569
2022-07-29,160.6919708251953,155.81199595112923,275.89404296875,261.2108384839788,134.9499969482422,121.52920391093113
2022-08-01,159.7031707763672,155.1579812909069,273.211181640625,259.90247146287385,135.38999938964844,122.86675203133497
2022-08-02,158.21994018554688,154.77682466642605,270.0762634277344,259.19698599218924,134.16000366210938,122.78182267417448
2022-08-03,164.27146911621094,154.53285532137033,277.5942077636719,259.29493644539855,139.52000427246094,123.25776960351862
2022-08-04,163.95506286621094,154.12303525254015,278.75384521484375,258.92165380369806,142.57000732421875,123.6718338023318
2022-08-05,163.72732543945312,154.36344220556512,278.0265808105469,259.10313675316496,140.8000030517578,124.33239440719458
2022-08-08,163.2519989013672,154.47048276887045,275.4812927246094,259.10824502165605,139.41000366210938,126.20161495259093
2022-08-09,163.30152893066406,154.3941017558867,277.4271545410156,258.8306258639523,137.8300018310547,126.18731521215659
2022-08-10,167.5791473388672,154.4671335616479,284.1687316894531,259.3389210066338,142.69000244140625,126.6785056671612
2022-08-11,166.83648681640625,154.378021164061,282.065673828125,259.35214772338463,140.63999938964844,127.05316287541639
2022-08-12,170.41107177734375,154.93425133258606,286.8712463378906,259.8890277995503,143.5500030517578,127.62166790854019
2022-08-15,171.49038696289062,155.8767023356026,288.4043273925781,260.7173432463901,143.17999267578125,128.93574979994298
2022-08-16,171.3319549560547,156.01625612784918,287.657470703125,260.6179790512737,144.77999877929688,128.66038290949714
2022-08-17,172.83705139160156,156.26317962193085,286.89910888671875,261.25089369012164,142.10000610351562,128.86271865593514
2022-08-18,172.44093322753906,156.30085720002745,285.76654052734375,261.33305878236456,142.3000030517578,128.92750831751334
2022-08-19,169.8367919921875,156.93282303179956,281.80755615234375,261.88203892382967,138.22999572753906,129.17205081962044
2022-08-22,165.925537109375,157.77477879527987,273.5350646972656,262.4072909571772,133.22000122070312,129.4967725108838
2022-08-23,165.5888671875,157.77076301481716,272.24493408203125,262.0985983100216,133.6199951171875,128.90615499602563
2022-08-24,165.88592529296875,157.82178257410118,271.60479736328125,262.4724330909563,133.8000030517578,128.80911157839924
2022-08-25,168.36138916015625,157.6146153924771,274.61834716796875,262.24949498425104,137.27999877929688,128.5943313139748
2022-08-26,162.01429748535156,157.95725227021524,264.02166748046875,262.45171037324593,130.75,128.5821024729102
2022-08-29,159.79629516601562,157.72219642315088,261.2050476074219,261.7382134447625,129.7899932861328,128.28811479005674
2022-08-30,157.35052490234375,157.31217901984135,258.97930908203125,260.9696740824332,128.72999572753906,127.541736220422
2022-08-31,155.67709350585938,156.94613738246528,257.5021057128906,260.87052586473993,126.7699966430664,127.31180874609909
2022-09-01,156.40985107421875,156.31859642089398,256.44830322265625,260.16790836262396,127.81999969482422,126.98439159943997
2022-09-02,154.28094482421875,156.24522622128245,252.17420959472656,259.5695898662304,127.51000213623047,126.8157061542974
2022-09-06,153.0135040283203,154.121494220306,249.4068603515625,255.00912093667887,126.11000061035156,125.2405102071183
2022-09-07,154.42947387695312,153.46243885585892,254.1733856201172,254.20072027134393,129.47999572753906,124.87895233392692
2022-09-08,152.94419860839844,152.5819213082067,254.59689331054688,252.8235242443062,129.82000732421875,124.41304994102863
2022-09-09,155.8256378173828,152.29866986657362,260.44671630859375,251.91039262734662,133.27000427246094,124.15672980358148
2022-09-12,161.82615661621094,150.55807942818012,262.6034851074219,248.18377159047867,136.4499969482422,123.11315978377523
2022-09-13,152.3302459716797,149.7916140073831,248.16595458984375,246.55081027434397,126.81999969482422,122.09451240051956
2022-09-14,153.78587341308594,149.14826565895095,248.39248657226562,245.66924069863117,128.5500030517578,121.57517875513355
2022-09-15,150.8746795654297,148.32379744342109,241.6562957763672,244.27174696419422,126.27999877929688,120.93946409895746
2022-09-16,149.22108459472656,148.1333915307208,241.0260009765625,243.39106326092494,123.52999877929688,120.50400882730621
2022-09-19,152.96397399902344,146.84793440639243,240.809326171875,240.066483794399,124.66000366210938,118.90519694298914
2022-09-20,155.36024475097656,146.27534825555352,238.77073669433594,238.66181724068045,122.19000244140625,117.71102427695598
2022-09-21,152.21144104003906,145.83812229959398,235.32386779785156,238.0504790752418,118.54000091552734,117.02956505352823
2022-09-22,151.24107360839844,145.22671670889005,237.32305908203125,236.96119209632994,117.30999755859375,116.2504598024572
2022-09-23,148.9537353515625,145.25120173499113,234.30946350097656,236.42225204785564,113.77999877929688,115.69553556985409
2022-09-26,149.2904052734375,144.57563989152112,233.8466339111328,234.2741072585995,115.1500015258789,113.92765718777875
2022-09-27,150.27069091796875,144.18200387020374,232.82241821289062,233.29401079445978,114.41000366210938,112.75231204111645
2022-09-28,148.36953735351562,143.90669442710006,237.41168212890625,233.11412963255896,118.01000213623047,112.13119563340159
2022-09-29,141.0817413330078,143.43827685752126,233.89584350585938,232.45758866622586,114.80000305175781,111.45479588735569
2022-09-30,136.84376525878906,143.58564272180618,229.36566162109375,232.34722174574813,113.0,111.04467643428806
2022-10-03,141.0520477294922,143.15686889580337,237.08670043945312,231.40923349583016,115.87999725341797,109.94408478178838
2022-10-04,144.66622924804688,142.80776826303895,245.10313415527344,230.79251192709253,121.08999633789062,108.96144064048927
2022-10-05,144.96328735351562,142.56103026687535,245.41831970214844,230.94989894225114,120.94999694824219,108.55725668574621
2022-10-06,144.00279235839844,142.10767757705796,243.04486083984375,230.6018022053037,120.30000305175781,108.11564473994629
2022-10-07,138.71522521972656,142.2594140848655,230.6853485107422,230.76905279507653,114.55999755859375,107.95117508245744
2022-10-10,139.04196166992188,141.81096159963775,225.7710418701172,230.4704663383724,113.66999816894531,107.57755243428846
2022-10-11,137.6160888671875,141.45520643302424,221.98931884765625,230.00354139054946,112.20999908447266,106.90385545099454
2022-10-12,136.9823760986328,141.20702832535017,222.32415771484375,230.28160575865508,112.9000015258789,106.78226550654077
2022-10-13,141.58676147460938,140.76032240962905,230.6853485107422,230.02772692232736,112.52999877929688,106.59050185269533
2022-10-14,137.02200317382812,140.9293635732368,225.09152221679688,230.26607964106225,106.9000015258789,106.63757103230085
2022-10-17,141.01243591308594,140.61668496142778,233.92539978027344,230.08417244838688,113.79000091552734,106.62894634128082
2022-10-18,142.33929443359375,140.33854638041348,234.88067626953125,229.64014913546796,116.36000061035156,105.979955886827
2022-10-19,142.44821166992188,140.18516730027295,232.89134216308594,229.9419254160455,115.06999969482422,105.83441021592176
2022-10-20,141.9828338623047,139.850315111937,232.56634521484375,229.71800269435062,115.25,105.5719951154178
2022-10-21,145.8247528076172,140.147669638779,238.44573974609375,229.99789889028932,119.31999969482422,105.50503274176535
2022-10-24,147.98336791992188,140.30644016306732,243.49789428710938,230.05928489335074,119.81999969482422,104.94551580578037
2022-10-25,150.84500122070312,140.20843399073337,246.8561553955078,229.74991442970585,120.5999984741211,104.06558965084021
2022-10-26,147.8843231201172,140.24306537476474,227.8096923828125,230.21849304435833,115.66000366210938,103.67853424972044
2022-10-27,143.37899780273438,140.10165460760354,223.30899047851562,230.19553716165828,110.95999908447266,103.17258936239625
2022-10-28,154.21165466308594,140.5953407175751,232.2905731201172,230.71164922233305,103.41000366210938,102.86876822537805
2022-10-31,151.8351593017578,141.33497908858914,228.60736083984375,231.68887541293725,102.44000244140625,101.72241178485635
2022-11-01,149.17156982421875,141.4197877472571,224.7074432373047,231.74718299414934,96.79000091552734,100.71324299621247
2022-11-02,143.60670471191406,141.62815277755837,216.7599334716797,232.60871295448825,92.12000274658203,100.24051058827432
2022-11-03,137.51708984375,141.64949610020435,210.99868774414062,232.9989528713914,89.30000305175781,99.69695979884841
2022-11-04,137.2493133544922,142.29330394121533,218.03033447265625,233.94259913834,90.9800033569336,99.40674113143766
2022-11-07,137.7848663330078,143.394948392174,224.4119873046875,236.21858826795878,90.52999877929688,98.61730881581177
2022-11-08,138.36012268066406,143.56811430596335,225.39682006835938,236.68928698014423,89.9800033569336,97.82767669792759
2022-11-09,133.76797485351562,143.8478825115502,221.10299682617188,237.93923623002402,86.13999938964844,97.61854935413697
2022-11-10,145.66990661621094,143.92353412217773,239.2926788330078,238.68562589618492,96.62999725341797,97.3768290460348
2022-11-11,148.47679138183594,144.6046027800791,243.3600311279297,239.94506572237822,100.79000091552734,97.4196040395122
2022-11-14,147.06838989257812,145.71836568234582,237.88438415527344,242.8525538513253,98.48999786376953,97.7313563055101
2022-11-15,148.8140106201172,145.86370365341833,238.2980194091797,243.40750081533466,98.94000244140625,97.3115185213122
2022-11-16,147.57423400878906,146.10051359861876,238.73255920410156,244.67047235372513,97.12000274658203,97.45725879310523
2022-11-17,149.48846435546875,146.11857350663703,238.6831512451172,245.3555150861065,94.8499984741211,97.54590478984706
2022-11-18,150.0537872314453,146.72789068061175,238.22889709472656,246.47739091156558,94.13999938964844,97.88548954027031
2022-11-21,146.80059814453125,147.54552121002956,239.04859924316406,248.51714042309104,92.45999908447266,98.80893121172873
2022-11-22,148.952880859375,147.56628573974746,241.99163818359375,248.63897055531154,93.19999694824219,98.48022800861571
2022-11-23,149.8356170654297,147.66601429706535,244.51002502441406,249.4042506682765,94.12999725341797,98.65440841173353
2022-11-25,146.89979553222656,147.9824921556297,244.42112731933594,250.04862778638375,93.41000366210938,98.94776304050956
2022-11-28,143.0415802001953,148.24505627632396,238.76219177246094,250.05319170528682,93.94999694824219,99.22082138767173
2022-11-29,140.01651000976562,148.0583027628802,237.34991455078125,249.4579455192361,92.41999816894531,98.5756723493712
2022-11-30,146.82044982910156,147.9400125140059,251.97628784179688,249.50434461596777,96.54000091552734,98.3960775298305
2022-12-01,147.09814453125,147.58080901099132,251.53184509277344,248.92345118024454,95.5,98.06725411595649
2022-12-02,146.6022491455078,147.88250702698483,251.85777282714844,248.75115084150974,94.12999725341797,97.90768178891042
2022-12-05,145.43190002441406,147.66327540831287,247.0975341796875,246.9054008280648,91.01000213623047,96.98037986085788
2022-12-06,141.7422637939453,147.30599828077683,242.0805206298828,245.79231925440294,88.25,95.97086157581985
2022-12-07,139.78839111328125,147.01497543853577,241.33982849121094,245.38180827904296,88.45999908447266,95.46182319257984
2022-12-08,141.48440551757812,146.48274101692758,244.33224487304688,244.40993113227202,90.3499984741211,94.84754950089682
2022-12-09,140.99842834472656,146.52235165427828,242.37680053710938,243.9129974546916,89.08999633789062,94.45445015671554
2022-12-12,143.3093719482422,145.54942244330397,249.37889099121094,241.52470006396823,90.55000305175781,93.19596633241393
2022-12-13,144.28135681152344,144.95934390396312,253.73419189453125,240.37195885524744,92.48999786376953,92.21024087959752
2022-12-14,142.03982543945312,144.44849035356594,254.03050231933594,239.98759238003993,91.58000183105469,91.79316897300711
2022-12-15,135.38465881347656,143.71153426761649,245.9222869873047,239.10288654820891,88.44999694824219,91.33695533818214
2022-12-16,133.41090393066406,143.56353059168723,241.65585327148438,238.74829191625898,87.86000061035156,91.16416519428005
2022-12-19,131.28842163085938,142.14740711729075,237.4684295654297,237.04690571364918,84.91999816894531,90.877727080463
2022-12-20,131.21897888183594,141.45390289783336,238.8017120361328,236.18329805951163,85.19000244140625,90.29220961021711
2022-12-21,134.3432159423828,140.86326631260988,241.39906311035156,236.10429117206695,86.7699966430664,90.29712894395306
2022-12-22,131.1495361328125,140.0705911918642,235.2364501953125,235.5329540224139,83.79000091552734,90.27393303126436
2022-12-23,130.78256225585938,139.8910273864309,235.76974487304688,235.49189177293042,85.25,90.53419816415072
2022-12-27,128.96751403808594,137.88762881390932,234.02169799804688,234.04973209978408,83.04000091552734,91.18406551809653
2022-12-28,125.01011657714844,137.3769048162273,231.621826171875,234.19365486631438,81.81999969482422,91.47049067044942
2022-12-29,128.55096435546875,136.68275579123627,238.02146911621094,233.8161428363496,84.18000030517578,91.6746792965837
2022-12-30,128.8683319091797,136.61866415154896,236.8462371826172,233.93900008618806,84.0,92.10353504668434
2023-01-03,124.04804229736328,135.21070042702624,236.6092071533203,232.88129365061414,85.81999969482422,92.80827994669929
2023-01-04,125.32750701904297,135.20303886339275,226.25918579101562,233.23580398253654,85.13999938964844,92.96157836553046
2023-01-05,123.99844360351562,135.01836877010476,219.55337524414062,233.05854984656486,83.12000274658203,92.98320751304648
2023-01-06,128.5608673095703,135.46871694847917,222.140869140625,233.37752617779688,86.08000183105469,93.18743347709076
2023-01-09,129.08651733398438,136.09031101264983,224.30372619628906,233.50163945855593,87.36000061035156,93.39058183139674
2023-01-10,129.66177368164062,136.14503785761477,226.01226806640625,233.1942102774967,89.87000274658203,92.75832900643584
2023-01-11,132.3992462158203,136.3310892078226,232.84646606445312,233.6559281849154,95.08999633789062,92.62137317596599
2023-01-12,132.3199005126953,136.34000345549393,235.552490234375,233.61831303173028,95.2699966430664,92.37144408192704
2023-01-13,133.6588592529297,136.98348555557737,236.26356506347656,234.11330538721666,98.12000274658203,92.3329372211942
2023-01-17,134.8292236328125,138.42323798637335,237.36965942382812,235.03469191610304,96.05000305175781,91.38972036429061
2023-01-18,134.105224609375,138.79655814967205,232.88597106933594,235.87001916472204,95.45999908447266,91.2686822715811
2023-01-19,134.16470336914062,138.99045582910753,229.05409240722656,236.23886286731513,93.68000030517578,91.09874782617148
2023-01-20,136.7434539794922,139.8159256594179,237.24127197265625,237.1676262659638,97.25,91.20423592232905
2023-01-23,139.95700073242188,141.52930886220364,239.572021484375,239.4511133533684,97.5199966430664,91.72650032766536
2023-01-24,141.36537170410156,141.93116636573768,239.03872680664062,239.94435162302466,96.31999969482422,91.4098755183262
2023-01-25,140.70086669921875,142.4523071137009,237.62644958496094,241.22721407817784,97.18000030517578,91.68736253286406
2023-01-26,142.78370666503906,142.78150523427684,244.9248046875,242.01647885240791,99.22000122070312,91.94258156529033
2023-01-27,144.73757934570312,143.7272934234581,245.0828094482422,243.32792919869053,102.23999786376953,92.48897402917687
2023-01-30,141.83154296875,145.68481606066285,239.70042419433594,246.43230590235325,100.55000305175781,94.31170456506132
2023-01-31,143.11099243164062,146.11980914914403,244.73716735839844,247.06025995792257,103.12999725341797,94.38180890684251
2023-02-01,144.24168395996094,146.64540820823566,249.6159210205078,248.3962244637038,105.1500015258789,95.00389306020216
2023-02-02,149.587646484375,146.94789129428688,261.3189697265625,249.33866452232553,112.91000366210938,95.55171717013457
2023-02-03,153.23756408691406,147.83358022211658,255.14646911621094,250.71308982932592,103.38999938964844,96.32970840703217
2023-02-06,150.4901885986328,149.39458559854614,253.58604431152344,253.45907591980009,102.18000030517578,98.41596361443356
2023-02-07,153.38633728027344,149.62269307535757,264.2422790527344,253.7930368794435,102.11000061035156,98.41736743431281
2023-02-08,150.6786651611328,149.90432515740832,263.4225769042969,254.7567092952389,100.05000305175781,98.89097612888742
2023-02-09,149.63722229003906,149.9270077811539,260.3511657714844,255.07000061452712,98.23999786376953,99.21249894597169
2023-02-10,150.0047607421875,150.49908871168543,259.83758544921875,255.75529279234203,97.61000061035156,99.69066445852471
2023-02-13,152.8258819580078,150.94857257888924,267.9556579589844,256.19686962845765,99.54000091552734,100.50498903479814
2023-02-14,152.18020629882812,150.76383712979205,268.79510498046875,255.73046426671044,99.69999694824219,99.98910385326776
2023-02-15,154.2960205078125,150.62050877404468,266.6466369628906,255.9029552752068,101.16000366210938,99.91735171149307
2023-02-16,152.6868133544922,150.21245360892416,259.5478210449219,255.4499187007039,98.1500015258789,99.67791391020728
2023-02-17,151.53453063964844,150.35482852900392,255.49839782714844,255.40926531711003,97.19999694824219,99.59244241073958
2023-02-21,147.49160766601562,149.05644547497383,250.1619415283203,253.1714572960998,94.58000183105469,97.86564123209226
2023-02-22,147.9187469482422,148.59783708933276,249.013427734375,253.0248367394841,95.79000091552734,97.4038804662001
2023-02-23,148.40548706054688,147.91854183100602,252.2410888671875,252.36521874802256,95.81999969482422,96.8408912623604
2023-02-24,145.7333984375,147.83978701982693,246.74615478515625,252.23645564217682,93.5,96.5057657977219
2023-02-27,146.9353485107422,146.76492760783034,247.6768341064453,251.35992576141098,93.76000213623047,95.48404855657478
2023-02-28,146.42872619628906,146.2508142827585,246.94419860839844,250.86851001833236,94.2300033569336,94.6042961203761
2023-03-01,144.34271240234375,145.88235282031098,243.82545471191406,251.23333023955942,92.16999816894531,94.30903880943751
2023-03-02,144.93873596191406,145.35995513462308,248.61741638183594,251.1898663609193,92.12999725341797,93.99145322203152
2023-03-03,150.02462768554688,145.5034525565273,252.7559051513672,251.77170935204805,94.9000015258789,93.97482632199251
2023-03-06,152.80599975585938,145.45428456592663,254.3201904296875,254.00727492306672,93.75,94.82142252547196
2023-03-07,150.59085083007812,145.3845507190705,251.6272430419922,254.648536640749,93.55000305175781,94.65049533482208
2023-03-08,151.85238647460938,145.5003714676238,251.18170166015625,256.16598248109807,93.91999816894531,95.08837887562605
2023-03-09,149.58755493164062,145.49395287471003,249.81539916992188,257.2776519492231,92.25,95.51632301819133
2023-03-10,147.511474609375,146.17619834055816,246.12240600585938,258.99963709681055,90.7300033569336,96.245629076912
2023-03-13,149.4683837890625,147.78364772358677,251.39952087402344,263.8538627664572,92.43000030517578,98.66235960416876
2023-03-14,151.57424926757812,148.24658677833142,258.2013244628906,265.23004864235287,94.87999725341797,98.94260507047971
2023-03-15,151.97158813476562,148.8691002648121,262.80511474609375,267.39081236318896,96.19999694824219,99.78074155194922
2023-03-16,154.8125457763672,149.334278294581,273.4583740234375,269.0431227451855,100.04000091552734,100.55105214338565
2023-03-17,153.96820068359375,150.44460065526454,276.6562805175781,271.1939664166657,98.94999694824219,101.5593431026596
2023-03-20,156.35223388671875,153.0050887352495,269.52777099609375,276.6054283423593,97.70999908447266,104.40124793241142
2023-03-21,158.2197265625,153.65773685792564,271.0623474121094,277.91604054627055,100.61000061035156,104.6833418875519
2023-03-22,156.7793731689453,154.40049140531363,269.5871887207031,279.88718526139087,98.69999694824219,105.45585789218428
2023-03-23,157.87203979492188,154.91529880706227,274.90386962890625,281.23012569585245,98.70999908447266,106.09662173171775
2023-03-24,159.18325805664062,156.00497433118474,277.78497314453125,282.95820700682617,98.12999725341797,106.91615733112688
2023-03-27,157.22637939453125,158.10694680241122,273.63653564453125,286.5118979649465,98.04000091552734,108.89746809321352
2023-03-28,156.60055541992188,158.48970260776437,272.4980163574219,287.0446176321115,97.23999786376953,108.8180361070821
2023-03-29,159.69981384277344,158.9146165046481,277.7255859375,288.18038594541866,100.25,109.20423284075525
2023-03-30,161.2792205810547,159.07148189977468,281.23040771484375,288.64473281458885,102.0,109.44144252032469
2023-03-31,163.80233764648438,159.77171300570757,285.4382019042969,289.4656467113302,103.29000091552734,109.84748699592406
2023-04-03,165.06385803222656,160.60930315061282,284.37890625,290.27249879681636,102.41000366210938,110.59413085141534
2023-04-04,164.5274658203125,160.56187503865203,284.329345703125,289.92863674015257,103.94999694824219,110.31094919183037
2023-04-05,162.66990661621094,160.57203012975967,281.5175476074219,290.2284379412748,101.0999984741211,110.5105762262249
2023-04-06,163.5639190673828,160.33821821031802,288.70550537109375,289.90875500588294,102.05999755859375,110.58124793774765
2023-04-10,160.95140075683594,160.6986553030917,286.5174255371094,289.0984156189022,102.16999816894531,111.2930592080184
2023-04-11,159.7296142578125,160.48861984309292,280.0224914550781,288.350089630841,99.91999816894531,110.7674558015939
2023-04-12,159.03427124023438,160.39193864910789,280.6759948730469,288.3347120872129,97.83000183105469,110.74407871692345
2023-04-13,164.4579315185547,160.10799109927697,286.9629821777344,287.78983604478753,102.4000015258789,110.60898631254047
2023-04-14,164.11026000976562,160.45572336341164,283.2996826171875,287.75268113855026,102.51000213623047,110.67950137184805
2023-04-17,164.13011169433594,160.807807572386,285.93328857421875,286.94232079659605,102.73999786376953,110.6216242772548
2023-04-18,165.36187744140625,160.800396173548,285.5075378417969,286.38062298279937,102.30000305175781,109.94089954945251
2023-04-19,166.51416015625,160.9430325030969,285.5867614746094,286.61870096078053,104.30000305175781,109.7668306646765
2023-04-20,165.5406494140625,160.92853489689594,283.26995849609375,286.3870189351739,103.80999755859375,109.48460182772196
2023-04-21,163.92152404785156,161.56879717992794,282.9234619140625,286.715229363844,106.95999908447266,109.41126669153437
2023-04-24,164.22946166992188,162.86312400079868,278.9730224609375,287.23469285101265,106.20999908447266,108.94852340750771
2023-04-25,162.67984008789062,163.1669969712283,272.68609619140625,287.1676429001247,102.56999969482422,108.14720945976896
2023-04-26,162.66990661621094,163.60813173225503,292.4380798339844,287.9132329791767,104.9800033569336,107.86387976972648
2023-04-27,167.2889404296875,163.87334500692015,301.8041687011719,288.19475660929083,109.81999969482422,107.48688064487945
2023-04-28,168.5504913330078,164.76928960034542,304.2100830078125,289.0351815179883,105.44999694824219,107.33672247819733
2023-05-01,168.46109008789062,166.64777192290626,302.52691650390625,291.0271808817745,102.05000305175781,106.78728779654234
2023-05-02,167.4180908203125,167.07756056593894,302.3783874511719,291.41340398788503,103.62999725341797,106.0164975985014
2023-05-03,166.3353271484375,167.60893926516945,301.3784484863281,292.5870312351987,103.6500015258789,105.79834962856178
2023-05-04,164.68637084960938,167.62809465555284,302.3783874511719,293.26846752666177,104.0,105.52337354610356
2023-05-05,172.4146270751953,168.24492193730447,307.56640625,294.47841342202366,105.66000366210938,105.5135579236867
2023-05-08,172.34506225585938,169.11861025606288,305.5862121582031,297.382416549715,105.83000183105469,105.6172144768107
2023-05-09,170.6265869140625,169.1714382288082,303.95263671875,298.00485606368466,106.62000274658203,105.13752770014602
2023-05-10,172.4046630859375,169.31298137889502,309.2098693847656,299.3807187214112,110.19000244140625,105.24278768535369
2023-05-11,172.59339904785156,169.23617432613096,307.03173828125,300.230865882849,112.18000030517578,105.3194602087158
2023-05-12,171.65838623046875,169.75482631683175,305.9030456542969,301.5767202622802,110.26000213623047,105.68459821481372
2023-05-15,171.16102600097656,170.37170798844397,306.3882141113281,304.7018932196807,111.19999694824219,106.99270856202179
2023-05-16,171.16102600097656,170.36661364990562,308.6455993652344,305.3400472304877,113.4000015258789,106.9182995561373
2023-05-17,171.77774047851562,170.47023263629745,311.5627746582031,306.70499270139925,115.5,107.41861496732949
2023-05-18,174.12527465820312,170.3781411030387,316.04766845703125,307.5191496919931,118.1500015258789,107.8727870631768
2023-05-19,174.2346954345703,170.90598567896197,315.8690185546875,308.8055789479005,116.25,108.59076646173688
2023-05-22,173.27975463867188,171.70298014680296,318.6870422363281,311.6294756158827,115.01000213623047,110.74593123350357
2023-05-23,170.6536865234375,171.8064590247598,312.8130187988281,312.1325313101395,114.98999786376953,110.8659560666836
2023-05-24,170.93222045898438,172.03980086963395,311.4139404296875,313.34846774541415,116.75,111.51044508543256
2023-05-25,172.07615661621094,172.09568147485348,323.3902587890625,314.00193719572536,115.0,112.05645344393072
2023-05-26,174.5032501220703,172.78629863720536,330.3061218261719,315.1183595546581,120.11000061035156,112.81310654340169
2023-05-30,176.36337280273438,174.4047596703487,328.63916015625,317.72361364086083,121.66000366210938,114.7398322807541
2023-05-31,176.3136444091797,174.8129544259715,325.841064453125,318.76251310557495,120.58000183105469,115.18931086695594
2023-06-01,179.13864135742188,175.033640404439,329.99853515625,319.24606653911945,122.7699966430664,115.50814079540822
2023-06-02,179.9940948486328,175.87547856083157,332.7966613769531,320.2026034204835,124.25,116.01248366966209
2023-06-05,178.63133239746094,176.87100343468322,333.33245849609375,321.5306858251407,125.30000305175781,117.14619286527873
2023-06-06,178.26329040527344,177.00068140374162,331.0899963378906,321.57192186575656,126.61000061035156,116.83601779102266
2023-06-07,176.88063049316406,177.2321298392111,320.8699645996094,322.3528172301276,121.2300033569336,117.02669053075952
2023-06-08,179.61610412597656,177.25463934728634,322.7353820800781,322.6026242585293,124.25,117.10890902888274
2023-06-09,180.00404357910156,177.87817345510985,324.2535095214844,323.35093472504735,123.43000030517578,117.40552996524981
2023-06-12,182.819091796875,178.80475358097604,329.27423095703125,324.77645587984586,126.56999969482422,118.14208246416717
2023-06-13,182.34161376953125,178.88950223336798,331.6952819824219,324.9019072823614,126.66000366210938,117.78664672202315
2023-06-14,182.97825622558594,179.0713676316017,334.7215576171875,325.7908777124802,126.41999816894531,117.97827713839403
2023-06-15,185.02735900878906,179.04378852801696,345.3980712890625,326.1704942156798,127.11000061035156,118.10721142604154
2023-06-16,183.94313049316406,179.62091830552694,339.6728210449219,327.0676173571761,125.48999786376953,118.49447514752642
2023-06-20,184.0326385498047,180.56065624514346,335.42608642578125,329.3298728834849,125.77999877929688,119.59673183832386
2023-06-21,182.9882049560547,180.76886354376188,330.970947265625,330.4030968697629,124.83000183105469,120.02881774120986
2023-06-22,186.0121307373047,180.789520700608,337.07318115234375,330.9593029909556,130.14999389648438,120.40771514713629
2023-06-23,185.69383239746094,181.43756825761088,332.41961669921875,332.0198916085589,129.3300018310547,121.04635712931561
2023-06-26,184.29129028320312,182.63035603672134,326.0494384765625,334.32751128192814,127.33000183105469,122.96251332276805
2023-06-27,187.0665283203125,182.8734204448145,331.97308349609375,334.6972266878172,129.17999267578125,123.00796405351727
2023-06-28,188.250244140625,183.24765545073157,333.2431640625,335.7897112181227,129.0399932861328,123.58190871036845
2023-06-29,188.5884552001953,183.44391470555644,332.4493713378906,336.32293025212414,127.9000015258789,124.06156023598496
2023-06-30,192.94532775878906,184.272355740425,337.8967590332031,337.3151078189584,130.36000061035156,124.75574356344717
2023-07-03,191.44329833984375,185.98077126991302,335.3665466308594,339.1248742068409,130.22000122070312,126.5459363290917
2023-07-05,190.3192596435547,186.86290062809888,335.5252990722656,340.0066238217649,130.3800048828125,126.8409153988035
2023-07-06,190.79672241210938,187.15098633621062,338.6210632324219,340.17855708182316,128.36000061035156,127.09463247246356
2023-07-07,189.6726837158203,188.03746782386474,334.60247802734375,340.7658405591891,129.77999877929688,127.52718633989369
2023-07-10,187.6136474609375,189.67819854583362,329.25433349609375,341.14301438727506,127.12999725341797,128.38759788413526
2023-07-11,187.08644104003906,189.95350178686485,329.889404296875,340.71520903033075,128.77999877929688,127.96209486605729
2023-07-12,188.7675018310547,190.28996230288277,334.5827331542969,340.945170125261,130.8000030517578,128.02363175332383
2023-07-13,189.53343200683594,190.3735397479153,340.0002746582031,340.5602396918674,134.3000030517578,127.96247557407808
2023-07-14,189.68264770507812,191.0110956789925,342.56024169921875,340.5892680300406,134.67999267578125,128.1015075399707
2023-07-17,192.96522521972656,191.67133094668952,343.0464782714844,339.3606937218526,133.55999755859375,128.28764441226951
2023-07-18,192.7065887451172,191.55788804425742,356.69964599609375,338.44597431629614,132.8300018310547,127.72792550139022
2023-07-19,194.0693359375,191.48483004834918,352.3238830566406,338.22511763820273,135.36000061035156,127.70863226771766
2023-07-20,192.10977172851562,191.14526518999614,344.1776428222656,337.43189104517023,129.9600067138672,127.62294036942208
2023-07-21,190.926025390625,191.35367274770874,341.1016540527344,337.10090518086923,130.0,127.79520209977463
2023-07-24,191.73175048828125,190.76979313281458,342.4312744140625,335.1274016783775,128.8000030517578,128.4201793470418
2023-07-25,192.59715270996094,190.2822577908766,348.2557067871094,334.0865730133234,129.1300048828125,128.1101066088867
2023-07-26,193.47250366210938,189.86767678801763,335.1482238769531,333.80342650064404,128.14999389648438,128.383971455703
2023-07-27,192.19927978515625,189.22563279986034,328.1529846191406,333.0117749547551,128.25,128.6283143169009
2023-07-28,194.7954864501953,189.17625282332952,335.74359130859375,332.74520928346834,132.2100067138672,129.15993241423402
2023-07-31,195.41220092773438,188.1283400833517,333.3126220703125,331.3164495848898,133.67999267578125,130.95391668886495
2023-08-01,194.57666015625,187.5971321705037,333.7293395996094,330.56107622603383,131.69000244140625,131.0339347189441
2023-08-02,191.5626678466797,187.19518028369475,324.9579772949219,330.60656571776667,128.2100067138672,131.68319723664962
2023-08-03,190.1601104736328,186.6206042800918,324.1244812011719,330.18041060797526,128.91000366210938,132.2798131594203
2023-08-04,181.02859497070312,186.6907977354492,325.2357482910156,330.3128975224247,139.57000732421875,133.13279250844096
2023-08-07,177.90521240234375,186.26930435467906,327.5477294921875,330.1867934961319,142.22000122070312,135.64103132177414
2023-08-08,178.8501739501953,186.0160463782252,323.5191955566406,329.8750283827684,139.94000244140625,135.8599309691788
2023-08-09,177.24868774414062,185.9145103709189,319.7288818359375,330.3559120840887,137.85000610351562,136.59363042464184
2023-08-10,177.02984619140625,185.65467052931058,320.4234313964844,330.34945160914236,138.55999755859375,137.21931839062012
2023-08-11,177.089599609375,186.04545110364106,318.5183410644531,330.8752225403398,138.41000366210938,138.04641389176143
2023-08-14,178.75303649902344,186.5355082709135,321.52484130859375,331.7279650326246,140.57000732421875,140.17008844817082
2023-08-15,176.7509307861328,186.54212367591037,319.3617248535156,331.6572940553545,137.6699981689453,140.17163278406608
2023-08-16,175.87442016601562,186.66612352471793,318.586181640625,332.3294190296837,135.07000732421875,140.65223418544315
2023-08-17,173.31454467773438,186.59120134111845,315.0860900878906,332.4612131918495,133.97999572753906,140.99538931680334
2023-08-18,173.8026123046875,187.1209627385272,314.6883850097656,333.06998608581404,133.22000122070312,141.51722400683184
2023-08-21,175.1472930908203,187.7158816390625,320.05780029296875,333.8308596190972,134.67999267578125,142.6575109413434
2023-08-22,176.53179931640625,187.64734805832637,320.6344909667969,333.6172176946241,134.25,142.33080846596553
2023-08-23,180.406494140625,187.64125825544477,325.1488037109375,334.09295375364417,135.52000427246094,142.49291020184162
2023-08-24,175.68516540527344,187.38324137643414,318.1585998535156,333.97778270566425,131.83999633789062,142.53231370241454
2023-08-25,177.90638732910156,187.6800150911681,321.1515808105469,334.2925728448653,133.25999450683594,142.76930771436375
2023-08-28,179.48016357421875,187.32337074882466,321.86749267578125,333.93430592179135,133.13999938964844,143.1958853897119
2023-08-29,183.39466857910156,186.87335996672644,326.5508117675781,333.28609376685233,134.91000366210938,142.68230788639707
2023-08-30,186.9107666015625,186.46523433481894,326.9286804199219,333.3062606785985,135.07000732421875,142.68260584065771
2023-08-31,187.1298828125,185.7921962696508,325.9045104980469,332.72079032808455,138.00999450683594,142.58362465733063
2023-09-01,188.713623046875,185.66869860856872,326.79937744140625,332.5569679486983,138.1199951171875,142.70320380035486
2023-09-05,188.9526824951172,184.18629694159165,331.6617126464844,330.6120180669458,137.27000427246094,142.28700875136883
2023-09-06,182.18943786621094,183.66778542693953,330.9955139160156,330.43989346334337,135.36000061035156,142.219932761969
2023-09-07,176.86050415039062,182.91920948621336,328.0423583984375,329.6905377172328,137.85000610351562,142.05130638936006
2023-09-08,177.47805786132812,182.75929182918276,332.37762451171875,329.3963090883884,138.22999572753906,142.09524621403676
2023-09-11,178.65342712402344,181.33973070074086,336.0268859863281,327.46961843740246,143.10000610351562,141.96968297710373
2023-09-12,175.60548400878906,180.66565791737844,329.89178466796875,326.41729924124786,141.22999572753906,141.26169407227044
2023-09-13,173.52371215820312,180.10859008858222,334.15753173828125,326.10682560208454,144.85000610351562,141.05440127087127
2023-09-14,175.0476837158203,179.36516697413916,336.7825622558594,325.2711470716119,144.72000122070312,140.7313336732899
2023-09-15,174.32054138183594,179.25151812273376,328.3505859375,324.9433868782278,140.38999938964844,140.60824815002323
2023-09-18,177.26890563964844,178.1805760553755,327.1971435546875,323.2298364373314,139.97999572753906,139.93505703486048
2023-09-19,178.36456298828125,177.6775473611652,326.7894592285156,322.3486466748973,137.6300048828125,139.04222267062934
2023-09-20,174.79867553710938,177.3104596810421,318.95404052734375,322.2554265987079,135.2899932861328,138.65688801146396
2023-09-21,173.2447967529297,176.77059991037282,317.7210693359375,321.67984662752696,129.3300018310547,138.16784301513889
2023-09-22,174.10142517089844,176.86876753024728,315.21539306640625,321.6511979546447,129.1199951171875,137.89618791351575
2023-09-25,175.38633728027344,176.43261554897137,315.74237060546875,321.0237548734803,131.27000427246094,136.9325294427897
2023-09-26,171.28257751464844,176.1261051720617,310.3729248046875,320.5506072572021,125.9800033569336,136.00940347786735
2023-09-27,169.7585906982422,175.94184751072925,311.0192565917969,320.8793543588521,125.9800033569336,135.63277429239957
2023-09-28,170.017578125,175.5683680241111,311.8644714355469,320.7340376015947,125.9800033569336,135.19357164803048
2023-09-29,170.53553771972656,175.8143943939153,313.9624938964844,321.1383317477322,127.12000274658203,135.01401186915157
2023-10-02,173.0655059814453,175.70067397528337,319.97821044921875,321.77189044409937,129.4600067138672,134.5746471989318
2023-10-03,171.72084045410156,175.52095239256275,311.6158752441406,321.6899351539,124.72000122070312,133.9016080644228
2023-10-04,172.9758758544922,175.44508536592903,317.1543273925781,322.3880808169363,127.0,133.8061507848628
2023-10-05,174.22096252441406,175.16348457844921,317.5520324707031,322.5868404066956,125.95999908447266,133.67382920796754
2023-10-06,176.79078674316406,175.48723175944298,325.4073486328125,323.3070013003397,127.95999908447266,133.82066459080878
2023-10-09,178.28488159179688,175.55036197244814,327.9528503417969,324.70081917063897,128.25999450683594,134.40681837380774
2023-10-10,177.68724060058594,175.36184166051157,326.53094482421875,324.80766968435125,129.47999572753906,134.06573098958503
2023-10-11,179.09169006347656,175.27849349700102,330.53814697265625,325.6632217092932,131.8300018310547,134.2847314236564
2023-10-12,179.99810791015625,174.99386952464698,329.2852478027344,325.9897171765962,132.3300018310547,134.44221969714107
2023-10-13,178.14544677734375,175.32198774477473,325.8746643066406,326.81042296811074,129.7899932861328,134.84764691729316
2023-10-16,178.01593017578125,175.46731311491016,330.7568664550781,328.37758975614815,132.5500030517578,135.96934530400728
2023-10-17,176.45213317871094,175.33549190652874,330.1801452636719,328.51388543572335,131.47000122070312,135.71444353942712
2023-10-18,175.1472930908203,175.32550143609717,328.2411804199219,329.3929829933935,128.1300048828125,135.97046100377375
2023-10-19,174.76878356933594,175.13137410406992,329.4443359375,329.7424778930366,128.39999389648438,136.1160286061285
2023-10-20,172.19894409179688,175.5671203386456,324.8207092285156,330.5910718901873,125.16999816894531,136.46221913302608
2023-10-23,172.31846618652344,176.13112228920494,327.4556884765625,332.3239066650773,126.55999755859375,137.1585155692165
2023-10-24,172.75672912597656,176.16639482511033,328.6588134765625,332.5587825348122,128.55999755859375,136.6973224508214
2023-10-25,170.42596435546875,176.3342021943028,338.7414245605469,333.5649117428359,121.38999938964844,136.7263448405671
2023-10-26,166.23252868652344,176.3263401102405,326.0337829589844,334.0729480481235,119.56999969482422,136.632255078726
2023-10-27,167.5572967529297,176.95440569654716,327.9429016113281,335.1138284824665,127.73999786376953,136.7346071442094
2023-10-30,169.619140625,178.10629480800313,335.4004211425781,337.63428214328565,132.7100067138672,136.7605985408965
2023-10-31,170.09725952148438,178.33273236528478,336.1958923339844,338.19964369234003,133.08999633789062,136.12388667028677
2023-11-01,173.28465270996094,178.6853017791118,344.11083984375,339.56645833998175,137.0,136.01362592103018
2023-11-02,176.87046813964844,178.85363070277597,346.3481140136719,340.4615619952804,138.07000732421875,135.8224948584376
2023-11-03,175.95408630371094,179.64736015722812,350.802734375,341.911097139154,138.60000610351562,135.8748735350867
2023-11-06,178.52392578125,181.2172201490191,354.5116271972656,345.72619987479135,139.74000549316406,136.0609188026547
2023-11-07,181.1037139892578,181.55267739986073,358.489013671875,346.7222276447699,142.7100067138672,135.5825385977968
2023-11-08,182.1695098876953,181.9977957719966,361.14385986328125,348.50612165895353,142.0800018310547,135.68004220190002
2023-11-09,181.69140625,182.2417875973649,358.6480712890625,349.7964194261423,140.60000610351562,135.74199566007653
2023-11-10,185.9102783203125,183.09410144860914,367.5772399902344,351.6109413598432,143.55999755859375,136.08726584579512
2023-11-13,184.3144989013672,184.73806615267054,364.60418701171875,356.26014358369224,142.58999633789062,137.31789067441767
2023-11-14,186.9475555419922,185.06530622848769,368.173828125,357.4232217089136,145.8000030517578,137.21415185624718
2023-11-15,187.51605224609375,185.48645755695887,368.32330322265625,359.30853664754557,143.1999969482422,137.68365059089643
2023-11-16,189.21160888671875,185.69122665987027,374.7996520996094,360.6300064881278,142.8300018310547,138.10511528578166
2023-11-17,189.191650390625,186.489561527169,368.5026550292969,362.4019990840245,145.17999267578125,138.78775091951508
2023-11-20,190.947021484375,187.88767071728856,376.06500244140625,366.4664198695218,146.1300048828125,140.80933060824617
2023-11-21,190.13916015625,188.1063019544161,371.7109069824219,367.28410736580855,143.89999389648438,140.87066275976548
2023-11-22,190.80738830566406,188.4060413492145,376.4735107421875,368.75329648710857,146.7100067138672,141.4465613254448
2023-11-24,189.47091674804688,189.12884113456113,376.05499267578125,370.82264605637715,146.74000549316406,142.57540831252183
2023-11-27,189.2913818359375,190.01575743300216,377.230712890625,372.9787981960835,147.72999572753906,144.16316808450884
2023-11-28,189.8997802734375,190.04069129393156,381.30584716796875,373.09662934432254,147.02999877929688,143.96604570342217
2023-11-29,188.8724822998047,190.1356216240689,377.4698486328125,373.8508635059489,146.32000732421875,144.2361530414745
2023-11-30,189.45095825195312,189.99096843132693,377.5296325683594,373.9708043244656,146.08999633789062,144.35665360634223
2023-12-01,190.73757934570312,190.41749389368928,373.1456604003906,374.4875010467285,147.02999877929688,144.64396996389507
2023-12-04,188.9323272705078,190.5763288605491,367.7952575683594,374.64405069129424,144.83999633789062,145.0232735497711
2023-12-05,192.91184997558594,190.34512016922486,371.16290283203125,374.1736605512712,146.8800048828125,144.4322000783677
2023-12-06,191.81475830078125,190.17954658539426,367.4564514160156,374.3925324560666,144.52000427246094,144.33073328830986
2023-12-07,193.75962829589844,189.7717280661433,369.5986328125,374.0365785045617,146.8800048828125,144.11216965912732
2023-12-08,195.19583129882812,189.93429778100972,372.86669921875,374.14223293815996,147.4199981689453,144.1022455135235
2023-12-11,192.67247009277344,189.31730364631676,369.94732666015625,373.48685928700746,145.88999938964844,143.91640709742398
2023-12-12,194.19847106933594,188.84022727133112,373.0161437988281,372.88971413606566,147.47999572753906,143.26375848168544
2023-12-13,197.43992614746094,188.43895583614852,373.00616455078125,373.0518697575107,148.83999633789062,143.16892890505423
2023-12-14,197.5895233154297,187.80785897642988,364.596923828125,372.7060115206112,147.4199981689453,143.02541281141941
2023-12-15,197.0509490966797,187.7617361970668,369.37945556640625,372.8840903088747,149.97000122070312,143.15731824933002
2023-12-18,195.37535095214844,186.62565070822177,371.29241943359375,372.7593274433257,154.07000732421875,143.7552386804163
2023-12-19,196.422607421875,186.01667573559638,371.9002380371094,372.419265085158,153.7899932861328,143.4612820984054
2023-12-20,194.31814575195312,185.50617165461688,369.26983642578125,372.86519092371213,152.1199951171875,143.759590001225
2023-12-21,194.16851806640625,184.78932889901225,372.1792297363281,372.82141590517966,153.83999633789062,144.03361200827925
2023-12-22,193.0913848876953,184.68144942266213,373.21539306640625,373.3116147463909,153.4199981689453,144.59680493228538
2023-12-26,192.54283142089844,182.92797668207334,373.2951354980469,374.04551698050795,153.41000366210938,146.5460366582308
2023-12-27,192.64254760742188,182.47200305174198,372.707275390625,374.74767404142636,153.33999633789062,147.18451238194947
2023-12-28,193.07142639160156,181.830175321156,373.912841796875,374.9338286944265,153.3800048828125,147.75264957732912
2023-12-29,192.02418518066406,181.81631988286688,374.6700744628906,375.62525431001933,151.94000244140625,148.557260461063
2024-01-02,185.15228271484375,180.59492228212974,369.5189208984375,376.8736576480625,149.92999267578125,150.86950202425885
2024-01-03,183.7659454345703,180.30134389759135,369.2499084472656,377.6215901719349,148.47000122070312,151.4312564951101
2024-01-04,181.43209838867188,179.83034666891047,366.5995788574219,377.83626186001686,144.57000732421875,151.866103979013
2024-01-05,180.70399475097656,179.99412566626572,366.4103088378906,378.5444066789338,145.24000549316406,152.48637178731636
2024-01-08,185.07249450683594,179.755724024445,373.32501220703125,379.80797140134774,149.10000610351562,153.9342444247474
2024-01-09,184.65359497070312,179.52392885072487,374.4210205078125,379.86782314752224,151.3699951171875,153.70907995468522
2024-01-10,185.70083618164062,179.42359420356433,381.37554931640625,380.6894149707356,153.72999572753906,153.97221146855452
2024-01-11,185.1024169921875,179.14627903980735,383.2287902832031,381.0039192672447,155.17999267578125,154.11378066088554
2024-01-12,185.43154907226562,179.50370859083068,387.0548095703125,381.84318480650415,154.6199951171875,154.45684122160634
2024-01-16,183.14756774902344,179.80192274147748,388.8482360839844,384.07086904917554,153.16000366210938,154.92440007666292
2024-01-17,182.20005798339844,179.89099782152587,388.0511474609375,385.21934358727026,151.7100067138672,155.12612500026023
2024-01-18,188.1344451904297,179.80143475306494,392.43511962890625,385.89854087039504,153.5,155.26780375039036
2024-01-19,191.05673217773438,180.3444776719363,397.2176818847656,387.13651909789746,155.33999633789062,155.67477227705936
2024-01-22,193.38059997558594,181.22007072429,395.0655212402344,390.3594233710681,154.77999877929688,157.05532959419904
2024-01-23,194.66722106933594,181.34717438691447,397.4468078613281,391.1762935473791,156.02000427246094,157.01551725840525
2024-01-24,193.98899841308594,181.596595899337,401.0934753417969,392.79132776510886,156.8699951171875,157.56865935472146
2024-01-25,193.65988159179688,181.65762374543255,403.39508056640625,393.92317652097313,157.75,158.10061184653654
2024-01-26,191.9144744873047,182.33932001053705,402.45849609375,395.5893536414836,159.1199951171875,158.92706420725148
2024-01-29,191.22628784179688,183.53425218385385,408.2273864746094,399.84493272811665,161.25999450683594,161.63131336233573
2024-01-30,187.5459747314453,183.7265420948329,407.10150146484375,400.8890045982385,159.0,162.0153872639461
2024-01-31,183.91554260253906,184.01585386801798,396.1316223144531,402.65817147043134,155.1999969482422,162.96410707575347
2024-02-01,186.3690948486328,184.08875245552497,402.3090515136719,403.86407082632064,159.27999877929688,163.85217242257414
2024-02-02,185.3617401123047,184.75174701890384,409.7219543457031,405.0653708850928,171.80999755859375,164.83676228955147
2024-02-05,187.18692016601562,185.68609395932668,404.1722412109375,407.38293285704964,170.30999755859375,167.63244845868985
2024-02-06,188.80267333984375,185.7184773087414,404.0127868652344,407.5994854397279,169.14999389648438,167.89905314490215
2024-02-07,188.9123992919922,185.8102807012973,412.5415954589844,408.4551725626892,170.52999877929688,168.6507204752094
2024-02-08,187.82525634765625,185.6483954245847,412.60137939453125,408.6675171533797,169.83999633789062,169.26174251209278
2024-02-09,188.59420776367188,186.04038879207133,419.0179138183594,409.2562996814849,174.4499969482422,170.03913235429712
2024-02-12,186.89649963378906,185.966684337749,413.7472229003906,409.40683615889446,172.33999633789062,171.78879713309584
2024-02-13,184.7893524169922,185.6094050434324,404.83978271484375,408.8332447919627,168.63999938964844,171.5895474171823
2024-02-14,183.9005584716797,185.29232034171943,408.7527160644531,408.8887018504614,170.97999572753906,171.83280944860283
2024-02-15,183.6109619140625,184.70793037673417,405.8280029296875,408.30610184782796,169.8000030517578,171.90434399943484
2024-02-16,182.06304931640625,184.67000829684252,403.3324890136719,408.12087602597967,169.50999450683594,172.12347373379575
2024-02-20,181.31407165527344,182.58418095896695,402.0647888183594,405.11516213192664,167.0800018310547,171.51109893563736
2024-02-21,182.07305908203125,181.90617394621012,401.45587158203125,404.72241576162554,168.58999633789062,171.29413332499595
2024-02-22,184.12026977539062,180.99651413088463,410.9088134765625,403.7937526771541,174.5800018310547,170.96039730939728
2024-02-23,182.2727813720703,180.675747460314,409.6011962890625,403.3731700688628,174.99000549316406,170.8385986995329
2024-02-26,180.9146270751953,178.8013119168256,406.8062438964844,401.4926930677877,174.72999572753906,170.36304865125348
2024-02-27,182.38262939453125,177.9960889642664,406.746337890625,400.62864637628286,173.5399932861328,169.63645869896862
2024-02-28,181.17425537109375,177.32478930835939,406.98590087890625,400.60523570199007,173.16000366210938,169.48192920602403
2024-02-29,180.5051727294922,176.48852227245644,412.895263671875,400.160474193147,176.75999450683594,169.29426997780092
2024-03-01,179.41665649414062,176.3080457074148,414.75189208984375,400.330750377082,178.22000122070312,169.39862717763282
2024-03-04,174.86282348632812,175.23868282379885,414.1729736328125,400.7575186348126,177.5800018310547,170.0201682642177
2024-03-05,169.8895721435547,174.81777860802862,401.9250183105469,400.796273283465,174.1199951171875,169.77070328635756
2024-03-06,168.8909149169922,174.57970074570653,401.36602783203125,401.7167987644329,173.50999450683594,170.13199441180856
2024-03-07,168.77108764648438,174.2184776505568,408.40338134765625,402.2402315044502,176.82000732421875,170.4874095955638
2024-03-08,170.4987335205078,174.54686767426088,405.4886169433594,403.38558894957254,175.35000610351562,171.15022869595253
2024-03-11,172.51600646972656,175.1166505995096,403.7916564941406,406.6051121312928,171.9600067138672,173.42056594464896
2024-03-12,172.99534606933594,175.24734528905904,414.53228759765625,407.47506086320453,175.38999938964844,173.67408529656873
2024-03-13,170.89820861816406,175.54694878096782,414.3526306152344,409.1514702686112,176.55999755859375,174.4980290429376
2024-03-14,172.7656707763672,175.69979081763523,424.45440673828125,410.3422330660265,178.75,175.26713534984154
2024-03-15,172.3861846923828,176.50937155836752,415.6702575683594,412.0548340611917,174.4199981689453,176.2873668729168
2024-03-18,173.4846954345703,178.24367306722678,416.5686340332031,416.2899879215737,174.47999572753906,179.24127497469703
2024-03-19,175.84149169921875,178.6470910062338,420.6512756347656,417.25211694487365,175.89999389648438,179.58392609563217
2024-03-20,178.42799377441406,179.15342029041983,424.4643859863281,418.8943807149501,178.14999389648438,180.42698645730812
2024-03-21,171.13787841796875,179.4440351327895,428.596923828125,419.92621691564926,178.14999389648438,181.14705687621174
2024-03-22,172.04664611816406,180.3209245789058,427.9680480957031,421.3588677119474,178.8699951171875,182.05332396068573
2024-03-25,170.61859130859375,181.84135695572826,422.0986328125,424.09612708533575,179.7100067138672,184.32518748805973
2024-03-26,169.48013305664062,182.04441043775958,420.89080810546875,424.371240635665,178.3000030517578,184.34800645755217
2024-03-27,173.0752410888672,182.29395461189344,420.67120361328125,425.2521403581295,179.8300018310547,184.836931964268
2024-03-28,171.2477264404297,182.2780138075163,419.9624938964844,425.46165468760194,180.3800048828125,185.17616692886088
2024-04-01,169.79969787597656,183.1147954104209,423.8055725097656,426.0202564883648,180.97000122070312,186.71153127356055
2024-04-02,168.61129760742188,182.88984265377925,420.68121337890625,425.3848653945929,180.69000244140625,186.32700381036432
2024-04-03,169.42019653320312,182.71526887142045,419.6929931640625,425.38015943265725,182.41000366210938,186.4208830097896
2024-04-04,168.59133911132812,182.2883809939736,417.12762451171875,424.7416687377181,180.0,186.38139136509943
2024-04-05,169.3502960205078,182.427604160561,424.75384521484375,424.5063841244451,185.07000732421875,186.52839618813238
2024-04-08,168.22183227539062,181.77808583684853,423.8255310058594,422.4970472368092,185.19000244140625,186.6128217308349
2024-04-09,169.44017028808594,181.32416165199072,425.5124816894531,421.34896418956635,185.6699981689453,185.9591361254165
2024-04-10,167.552734375,180.97334061096927,422.4979248046875,420.91776512213823,185.9499969482422,185.8054406446843
2024-04-11,174.8029022216797,180.42553396642035,427.1595153808594,419.94164842351466,189.0500030517578,185.53828217437996
2024-04-12,176.3108673095703,180.50043264363129,421.140380859375,419.4586920440928,186.1300048828125,185.47543239172586
2024-04-15,172.45608520507812,179.99028520341344,412.895263671875,417.23471967572294,183.6199951171875,185.01306132505093
2024-04-16,169.15057373046875,179.68493612065762,413.83355712890625,416.1807711333833,183.32000732421875,184.1966725049901
2024-04-17,167.77244567871094,179.52661583566743,411.0984802246094,415.9184583403866,181.27999877929688,183.88654658459348
2024-04-18,166.81373596191406,179.20954513318492,403.5421142578125,415.1797324129906,179.22000122070312,183.46769330831657
2024-04-19,164.77650451660156,179.54700585344145,398.4013977050781,414.99572912055373,174.6300048828125,183.25686796562803
2024-04-22,165.6153564453125,179.94448669400543,400.2380676269531,413.9617709447064,177.22999572753906,182.3718298850981
2024-04-23,166.67391967773438,179.95703592950616,406.836181640625,413.375716472799,179.5399932861328,181.4244999960906
2024-04-24,168.7910614013672,180.1121827436904,408.323486328125,413.6036666192511,176.58999633789062,180.9914008050437
2024-04-25,169.65988159179688,180.09739638692577,398.321533203125,413.3699260886708,173.6699981689453,180.4601724148873
2024-04-26,169.0706787109375,180.71978813254825,405.58843994140625,413.6983521350383,179.6199951171875,180.1506394121607
2024-04-29,173.26498413085938,181.81786403487317,401.5257568359375,414.1809784078178,180.9600067138672,179.08626734576757
2024-04-30,170.0992889404297,182.00047235631666,388.6289978027344,414.0746890799567,175.0,178.13007948538072
2024-05-01,169.0706787109375,182.2904585736521,394.2289123535156,414.7616942638342,179.0,177.7192516436341
2024-05-02,172.79562377929688,182.37479782371355,397.1236877441406,414.96259565911976,184.72000122070312,177.24431086937213
2024-05-03,183.13160705566406,183.06115808770133,405.9278259277344,415.6982017280556,186.2100067138672,177.02742246709136
2024-05-06,181.46388244628906,184.16032913895543,412.7954406738281,417.2163268176958,188.6999969482422,176.47175655471423
2024-05-07,182.15292358398438,184.29062810691363,408.6029968261719,417.3888829451299,188.75999450683594,175.7620091454922
2024-05-08,182.4924774169922,184.50912255088517,409.80084228515625,418.32063507349966,188.0,175.63368248598454
2024-05-09,184.32000732421875,184.50779636116428,411.57763671875,418.7322358162664,189.5,175.4744187641174
2024-05-10,183.0500030517578,185.0995836759907,413.9932556152344,419.6448757172773,187.47999572753906,175.60254887733214
2024-05-13,186.27999877929688,185.91467752732473,412.97509765625,421.4998188814841,186.57000732421875,176.20683464421055
2024-05-14,187.42999267578125,185.96688924785138,415.80999755859375,421.7234408957901,187.07000732421875,175.9047956704929
2024-05-15,189.72000122070312,186.12296299448326,423.0799865722656,422.6777992698888,185.99000549316406,176.18314815710784
2024-05-16,189.83999633789062,186.07843528185902,420.989990234375,423.08499778767344,183.6300048828125,176.42218766535
2024-05-17,189.8699951171875,186.64907365650413,420.2099914550781,423.967765262912,184.6999969482422,176.93288455158336
2024-05-20,191.0399932861328,187.54926771995966,425.3399963378906,425.59685322029554,183.5399932861328,178.52074530978135
2024-05-21,192.35000610351562,187.6805409533119,429.0400085449219,425.70572024472517,183.14999389648438,178.4712574263326
2024-05-22,190.89999389648438,187.93952185654945,430.5199890136719,426.5287923702341,183.1300048828125,178.956144004406
2024-05-23,186.8800048828125,188.01967763271503,427.0,426.79025512671166,181.0500030517578,179.35216446706278
2024-05-24,189.97999572753906,188.73402968503217,430.1600036621094,427.5150385340802,180.75,179.9679091464385
2024-05-28,189.99000549316406,190.4581064051215,430.32000732421875,428.5470159673497,182.14999389648438,181.40357460276817
2024-05-29,190.2899932861328,190.89893266572707,429.1700134277344,429.1882500534164,182.02000427246094,181.7423382948964
2024-05-30,191.2899932861328,191.15585133063823,414.6700134277344,429.2713521638828,179.32000732421875,181.95240112521657
2024-05-31,192.25,192.0378698050678,415.1300048828125,429.82416543979605,176.44000244140625,182.34837749705088
2024-06-03,194.02999877929688,193.8624642180132,413.5199890136719,430.4810394233691,178.33999633789062,183.14422102110484
2024-06-04,194.35000610351562,194.27655122391968,416.07000732421875,430.2895013715186,179.33999633789062,182.71250604001878
2024-06-05,195.8699951171875,194.79593651161406,424.010009765625,430.8327498841675,181.27999877929688,182.77518270113103
2024-06-06,194.47999572753906,195.1094185248479,424.5199890136719,430.83996274237455,185.0,182.72202364867567
2024-06-07,196.88999938964844,196.02636108267768,423.8500061035156,431.3407609787615,184.3000030517578,182.87518160824024
2024-06-10,193.1199951171875,197.84061454951652,427.8699951171875,431.9962001593784,187.05999755859375,183.1294895116274
2024-06-11,207.14999389648438,198.22112918829325,432.67999267578125,431.85700259571195,187.22999572753906,182.5961981709533
2024-06-12,213.07000732421875,198.6973781992574,441.05999755859375,432.4782416547425,186.88999938964844,182.60215000943379
2024-06-13,214.24000549316406,198.96205651769438,441.5799865722656,432.5877398927396,183.8300018310547,182.53838307978688
2024-06-14,212.49000549316406,199.82864320906023,442.57000732421875,433.21314669794674,183.66000366210938,182.72693599126032
2024-06-17,216.6699981689453,201.5239645581705,448.3699951171875,434.34763000285017,184.05999755859375,183.34192769990116
2024-06-18,214.2899932861328,201.8884515637309,446.3399963378906,434.3908319388151,182.80999755859375,183.00019862090764
2024-06-20,209.67999267578125,202.6517563366082,445.70001220703125,435.4932695370247,186.10000610351562,183.3969516075128
2024-06-21,207.49000549316406,203.5609996309375,449.7799987792969,436.2976904320654,189.0800018310547,183.83384034080922
2024-06-24,208.13999938964844,205.51940763129912,447.6700134277344,437.8768123275313,185.57000732421875,185.18190607883813
2024-06-25,209.07000732421875,206.01422590189154,450.95001220703125,438.01946491936417,186.33999633789062,185.05376680765764
2024-06-26,213.25,206.64004188301757,452.1600036621094,438.8936819567702,193.61000061035156,185.4631528000235
2024-06-27,214.10000610351562,207.0887626396996,452.8500061035156,439.2177566864069,197.85000610351562,185.78758812867983
2024-06-28,210.6199951171875,208.1716408981174,446.95001220703125,440.01007759410174,193.25,186.33593991850182
2024-07-01,216.75,210.66614970602086,456.7300109863281,441.27503965101107,197.1999969482422,187.74132050548167
2024-07-02,220.27000427246094,211.32639651154653,459.2799987792969,441.2143716586103,200.0,187.53399359960855
2024-07-03,221.5500030517578,212.10133969746624,460.7699890136719,441.8351735094913,197.58999633789062,187.81561416065875
2024-07-05,226.33999633789062,213.85953357627977,467.55999755859375,442.2991159054097,200.0,188.29841665940197
2024-07-08,227.82000732421875,216.4398119769037,466.239990234375,442.2635294060632,199.2899932861328,188.85840674603526
2024-07-09,228.67999267578125,217.0453667875146,459.5400085449219,441.7009571051669,199.33999633789062,188.32739455896498
2024-07-10,232.97999572753906,217.71998981974988,466.25,441.79520801185913,199.7899932861328,188.27807849477597
2024-07-11,227.57000732421875,218.14895693553922,454.70001220703125,441.27218322431185,195.0500030517578,188.09929289756013
2024-07-12,230.5399932861328,219.1382543994751,453.54998779296875,441.15931092080183,194.49000549316406,188.112652004645
2024-07-15,234.39999389648438,220.88060805916118,453.9599914550781,439.46882321225536,192.72000122070312,187.864023126824
2024-07-16,234.82000732421875,221.13245377461385,449.5199890136719,438.3840649664411,193.02000427246094,187.13820874144758
2024-07-17,228.8800048828125,221.42456973292343,443.5199890136719,437.9834480741064,187.92999267578125,186.94194609877923
2024-07-18,224.17999267578125,221.44856334283722,440.3699951171875,436.99995571033594,183.75,186.66865658508775
2024-07-19,224.30999755859375,222.01742563439493,437.1099853515625,436.4675888431689,183.1300048828125,186.64321128415443
2024-07-22,223.9600067138672,222.4823598484849,442.94000244140625,433.8199861189012,182.5500030517578,186.6233518174799
2024-07-23,225.00999450683594,222.32949701539013,444.8500061035156,432.5310313655217,186.41000366210938,186.08514987843853
2024-07-24,218.5399932861328,222.24047120324815,428.8999938964844,431.98848269918244,180.8300018310547,186.12674380313567
2024-07-25,217.49000549316406,221.9141636716137,418.3999938964844,430.92669958890383,179.85000610351562,186.136316399541
2024-07-26,217.9600067138672,222.17022144176272,425.2699890136719,430.37999575310937,182.5,186.4323623287979
2024-07-29,218.24000549316406,221.97559143261844,426.7300109863281,428.0603397066201,183.1999969482422,187.53168293996637
2024-07-30,218.8000030517578,221.70860030860354,422.9200134277344,426.99500724865214,181.7100067138672,187.38944482350234
2024-07-31,222.0800018310547,221.56174996701864,418.3500061035156,426.7262072811751,186.97999572753906,187.82342985412123
2024-08-01,218.36000061035156,221.23408277295903,417.1099853515625,425.9828332591156,184.07000732421875,188.21288448409678
2024-08-02,219.86000061035156,221.5441062157998,408.489990234375,425.7930356513273,167.89999389648438,188.86774330423503
2024-08-05,209.27000427246094,221.8130620607557,395.1499938964844,424.705427149133,161.02000427246094,190.8415419550302
2024-08-06,207.22999572753906,221.7852885832122,399.6099853515625,424.07954401002377,161.92999267578125,190.90291123809152
2024-08-07,209.82000732421875,221.90955541847768,398.42999267578125,424.2516369042777,162.77000427246094,191.4890881280728
2024-08-08,213.30999755859375,221.87743429815305,402.69000244140625,423.94285300667127,165.8000030517578,191.9767295337148
2024-08-09,216.24000549316406,222.49939857445395,406.0199890136719,424.17378958573147,166.94000244140625,192.67451468994636
2024-08-10,,225.21421712788032,,426.94269474902603,,192.95145737089544
2024-08-11,,225.5760102580449,,426.96280909586096,,193.42509036589237
2024-08-12,,223.71781137915062,,424.1951213150983,,194.45274427234745
2024-08-13,,223.9827683610394,,423.8669745330314,,194.3493809097793
2024-08-14,,224.37441215268217,,424.29203638912213,,194.72805808799424
2024-08-15,,224.57703469755424,,424.18728405201847,,194.9709657514641
2024-08-16,,225.39460960639957,,424.5699686920067,,195.392960123874
2024-08-17,,228.26033450092513,,427.43585314340055,,195.36968106741796
2024-08-18,,228.7238117722016,,427.49657565156383,,195.52553336966946
2024-08-19,,226.91470862132513,,424.71241295633166,,196.22476023779956
2024-08-20,,227.17402797508365,,424.3108799818434,,195.7890755272183
2024-08-21,,227.50441642572807,,424.60667980069945,,195.83793746931784
2024-08-22,,227.59055050891243,,424.31865596850247,,195.7594095797954
2024-08-23,,228.238034893814,,424.46671278973724,,195.8735404894525
2024-08-24,,230.8828923009816,,427.0499984206469,,195.56035233637803
2024-08-25,,231.07866355540668,,426.7842049693791,,195.44772203266226
2024-08-26,,228.9599610160006,,423.63426017162703,,195.9023863568642
2024-08-27,,228.87360998757006,,422.8328492684254,,195.24753906557962
2024-08-28,,228.82880783061233,,422.70028211314644,,195.10310340470096
2024-08-29,,228.51734610124538,,421.9613589406632,,194.85662525416495
2024-08-30,,228.75233365421278,,421.64220165428947,,194.82671715621873
2024-08-31,,230.97750510421722,,423.7483467718224,,194.39114038149077
2024-09-01,,230.75413772975728,,423.00195535589376,,194.17480595007274
2024-09-02,,228.22442470912648,,419.3744155930603,,194.54092136097495
2024-09-03,,227.74244379217512,,418.10477765180076,,193.80874635730828
2024-09-04,,227.32415535288627,,417.5195367669132,,193.59403572743804
2024-09-05,,226.66747900868702,,416.34941882314183,,193.28010865107436
2024-09-06,,226.59089012056205,,415.62613605755365,,193.18146895062245
2024-09-07,,228.54262339568058,,417.36040971663425,,192.67205753263107
2024-09-08,,228.08750888245396,,416.2791156256871,,192.3734122711246
